{
    "fan": {
      "x": 0.785156,
      "y": 0.161133,
      "w": 0.114583,
      "h": 0.148438
    },
    "light": {
      "x": 0.189453,
      "y": 0.250488,
      "w": 0.052083,
      "h": 0.12793
    },
    "humidifier": {
      "x": 0.769206,
      "y": 0.651855,
      "w": 0.180339,
      "h": 0.260742
    },
    "roof": {
      "x": 0.492839,
      "y": 0.13916,
      "w": 0.285156,
      "h": 0.276367
    }
  }
  